INSERT INTO socios(nombres_socio, ap_paterno_socio, ap_materno_socio, fecha_nacimiento_socio, no_celular_socio) VALUE ('Benito Antonio', 'Martinez', 'Ocasio','2002-04-10','5555105520');
INSERT INTO socios(nombres_socio, ap_paterno_socio, ap_materno_socio, fecha_nacimiento_socio, no_celular_socio) VALUE ('Julieta', 'Venegas', 'Percevault','2002-04-10','5555105520');
INSERT INTO socios(nombres_socio, ap_paterno_socio, ap_materno_socio, fecha_nacimiento_socio, no_celular_socio) VALUE ('Jamie Cristopher', 'Hewlet', 'Pollo','2002-04-10','5555105520');
INSERT INTO socios(nombres_socio, ap_paterno_socio, ap_materno_socio, fecha_nacimiento_socio, no_celular_socio) VALUE ('Stuart Harold', 'Pot', 'Pot','2002-04-10','5555105520');
INSERT INTO socios(nombres_socio, ap_paterno_socio, ap_materno_socio, fecha_nacimiento_socio, no_celular_socio) VALUE ('Gustavo Adrian', 'Cerati', 'Cerati','2002-04-10','5555105520');
INSERT INTO socios(nombres_socio, ap_paterno_socio, ap_materno_socio, fecha_nacimiento_socio, no_celular_socio) VALUE ('Hector Pedro', 'Juan', 'Bosio','2002-04-10','5555105520');
INSERT INTO socios(nombres_socio, ap_paterno_socio, ap_materno_socio, fecha_nacimiento_socio, no_celular_socio) VALUE ('Carlos Alberto', 'Ficicchia', 'Little','2002-04-10','5555105520');
INSERT INTO socios(nombres_socio, ap_paterno_socio, ap_materno_socio, fecha_nacimiento_socio, no_celular_socio) VALUE ('León Rubén', 'Larregui', 'Marin','2002-04-10','5555105520');
INSERT INTO socios(nombres_socio, ap_paterno_socio, ap_materno_socio, fecha_nacimiento_socio, no_celular_socio) VALUE ('Sergio Eduardo', 'Acosta', 'Russek','2002-04-10','5555105520');
INSERT INTO socios(nombres_socio, ap_paterno_socio, ap_materno_socio, es_socio_dueno, fecha_nacimiento_socio, no_celular_socio) VALUE ('Jorge Siddhartha', 'González', 'Ibarra','1','2002-04-10','5555105520');

INSERT INTO patrones(nombres_patron, ap_paterno_patron, ap_materno_patron, fecha_nacimiento_patron, no_celular_patron) VALUE ('Kevin Eduardo', 'Hernández', 'Carlos','0001-01-01','6543129072');
INSERT INTO patrones(nombres_patron, ap_paterno_patron, ap_materno_patron, fecha_nacimiento_patron, no_celular_patron) VALUE ('Samuel', 'Frederick', 'Smith','0001-01-01','6543129072');
INSERT INTO patrones(nombres_patron, ap_paterno_patron, ap_materno_patron, fecha_nacimiento_patron, no_celular_patron) VALUE ('Shakira Isabel', 'Mebarak', 'Ripoll','0001-01-01','6543129072');
INSERT INTO patrones(nombres_patron, ap_paterno_patron, ap_materno_patron, fecha_nacimiento_patron, no_celular_patron) VALUE ('Miley', 'Ray', 'Cyrus','0001-01-01','6543129072');
INSERT INTO patrones(nombres_patron, ap_paterno_patron, ap_materno_patron, fecha_nacimiento_patron, no_celular_patron) VALUE ('Andrea', 'Dre', 'Babinski','0001-01-01','6543129072');
INSERT INTO patrones(nombres_patron, ap_paterno_patron, ap_materno_patron, fecha_nacimiento_patron, no_celular_patron) VALUE ('Saúl Alfonso', 'Hernández', 'Estrada','0001-01-01','6543129072');
INSERT INTO patrones(nombres_patron, ap_paterno_patron, ap_materno_patron, fecha_nacimiento_patron, no_celular_patron) VALUE ('Gonzalo', 'Julián', 'Conde','0001-01-01','6543129072');
INSERT INTO patrones(nombres_patron, ap_paterno_patron, ap_materno_patron, fecha_nacimiento_patron, no_celular_patron) VALUE ('Elian', 'Ángel', 'Valenzuela','0001-01-01','6543129072');
INSERT INTO patrones(nombres_patron, ap_paterno_patron, ap_materno_patron, fecha_nacimiento_patron, no_celular_patron) VALUE ('Tyler', 'Robert', 'Joseph','0001-01-01','6543129072');
INSERT INTO patrones(nombres_patron, ap_paterno_patron, ap_materno_patron, fecha_nacimiento_patron, no_celular_patron) VALUE ('Joshua', 'William','Dun','0001-01-01','6543129072');

INSERT INTO destinos(salida_dest, llegada_dest, puerto_dest) VALUE ('2023-03-01 12:23:54','2023-04-01 12:23:54','Veracruz');
INSERT INTO destinos(salida_dest, llegada_dest, puerto_dest) VALUE ('2023-03-02 12:23:54','2023-04-02 12:23:54','Hong Kong');
INSERT INTO destinos(salida_dest, llegada_dest, puerto_dest) VALUE ('2023-03-03 12:23:54','2023-04-03 12:23:54','Ibiza');
INSERT INTO destinos(salida_dest, llegada_dest, puerto_dest) VALUE ('2023-03-04 12:23:54','2023-04-04 12:23:54','Lizboa');
INSERT INTO destinos(salida_dest, llegada_dest, puerto_dest) VALUE ('2023-03-05 12:23:54','2023-04-05 12:23:54','Huston');
INSERT INTO destinos(salida_dest, llegada_dest, puerto_dest) VALUE ('2023-03-06 12:23:54','2023-04-06 12:23:54','Panamá');
INSERT INTO destinos(salida_dest, llegada_dest, puerto_dest) VALUE ('2023-03-07 12:23:54','2023-04-07 12:23:54','Chicago');
INSERT INTO destinos(salida_dest, llegada_dest, puerto_dest) VALUE ('2023-03-08 12:23:54','2023-04-08 12:23:54','Sonora');
INSERT INTO destinos(salida_dest, llegada_dest, puerto_dest) VALUE ('2023-03-09 12:23:54','2023-04-09 12:23:54','Estrecho de Bering');
INSERT INTO destinos(salida_dest, llegada_dest, puerto_dest) VALUE ('2023-03-10 12:23:54','2023-04-10 12:23:54','Madagascar');

INSERT INTO barcos(nom_barco, cuota, no_amarre, matricula_socio, matricula_patron, salida_barcos, llegada_barcos) VALUE ('Chonita','$1','123', '1', '1','2023-03-01 12:23:54','2023-04-01 12:23:54');
INSERT INTO barcos(nom_barco, cuota, no_amarre, matricula_socio, matricula_patron, salida_barcos, llegada_barcos) VALUE ('Frida','$2','123', '2', '2','2023-03-01 12:23:54','2023-04-01 12:23:54');
INSERT INTO barcos(nom_barco, cuota, no_amarre, matricula_socio, matricula_patron, salida_barcos, llegada_barcos) VALUE ('Patricia','$3','123', '3', '3','2023-03-01 12:23:54','2023-04-01 12:23:54');
INSERT INTO barcos(nom_barco, cuota, no_amarre, matricula_socio, matricula_patron, salida_barcos, llegada_barcos) VALUE ('Miguel','$4','123', '4', '4','2023-03-01 12:23:54','2023-04-01 12:23:54');
INSERT INTO barcos(nom_barco, cuota, no_amarre, matricula_socio, matricula_patron, salida_barcos, llegada_barcos) VALUE ('Lavagante','$5','123', '5', '5','2023-03-01 12:23:54','2023-04-01 12:23:54');
INSERT INTO barcos(nom_barco, cuota, no_amarre, matricula_socio, matricula_patron, salida_barcos, llegada_barcos) VALUE ('Estaño','$6','123', '6', '6','2023-03-01 12:23:54','2023-04-01 12:23:54');
INSERT INTO barcos(nom_barco, cuota, no_amarre, matricula_socio, matricula_patron, salida_barcos, llegada_barcos) VALUE ('Nieth','$7','123', '7', '7','2023-03-01 12:23:54','2023-04-01 12:23:54');
INSERT INTO barcos(nom_barco, cuota, no_amarre, matricula_socio, matricula_patron, salida_barcos, llegada_barcos) VALUE ('Barco Uno','$8','123', '8', '8','2023-03-01 12:23:54','2023-04-01 12:23:54');
INSERT INTO barcos(nom_barco, cuota, no_amarre, matricula_socio, matricula_patron, salida_barcos, llegada_barcos) VALUE ('Carmen','$9','123', '9', '9','2023-03-01 12:23:54','2023-04-01 12:23:54');
INSERT INTO barcos(nom_barco, cuota, no_amarre, matricula_socio, matricula_patron, salida_barcos, llegada_barcos) VALUE ('Zeta','$10','123', '10', '10','2023-03-01 12:23:54','2023-04-01 12:23:54');

INSERT INTO destinos_Barcos(no_serie_barco_d, salida_barcos, llegada_barcos) VALUES ('1','2023-03-01 12:23:54','2023-04-01 12:23:54');  
INSERT INTO destinos_Barcos(no_serie_barco_d, salida_barcos, llegada_barcos) VALUES ('2','2023-03-02 12:23:54','2023-04-02 12:23:54');
INSERT INTO destinos_Barcos(no_serie_barco_d, salida_barcos, llegada_barcos) VALUES ('3','2023-03-03 12:23:54','2023-04-03 12:23:54');
INSERT INTO destinos_Barcos(no_serie_barco_d, salida_barcos, llegada_barcos) VALUES ('4','2023-03-04 12:23:54','2023-04-04 12:23:54');
INSERT INTO destinos_Barcos(no_serie_barco_d, salida_barcos, llegada_barcos) VALUES ('5','2023-03-05 12:23:54','2023-04-05 12:23:54');
INSERT INTO destinos_Barcos(no_serie_barco_d, salida_barcos, llegada_barcos) VALUES ('6','2023-03-06 12:23:54','2023-04-06 12:23:54');
INSERT INTO destinos_Barcos(no_serie_barco_d, salida_barcos, llegada_barcos) VALUES ('7','2023-03-07 12:23:54','2023-04-07 12:23:54');
INSERT INTO destinos_Barcos(no_serie_barco_d, salida_barcos, llegada_barcos) VALUES ('8','2023-03-08 12:23:54','2023-04-08 12:23:54');
INSERT INTO destinos_Barcos(no_serie_barco_d, salida_barcos, llegada_barcos) VALUES ('9','2023-03-09 12:23:54','2023-04-09 12:23:54');
INSERT INTO destinos_Barcos(no_serie_barco_d, salida_barcos, llegada_barcos) VALUES ('10','2023-03-10 12:23:54','2023-04-10 12:23:54');